/editors/index.html    /editors     301!
/compilers/index.html   /compilers   301!
/converters/index.html  /converters  301!
/date-time-tools/index.html  /date-time-tools  301!
/dev-tools/index.html   /dev-tools   301!
/games/index.html       /games       301!
/mathematical-tools/index.html /mathematical-tools 301!
/productivity-tools/index.html /productivity-tools 301!
/social-media-tools/index.html /social-media-tools 301!
